A1Cresult,rate_lt30
0,0.11423278425449568
1,0.09659318637274548
2,0.10047219307450157
3,0.09870983446932814
