insulin,rate_lt30
0,0.10037355169575586
1,0.11128399623974845
2,0.12990455991516436
3,0.13897528237027337
